[
  {
    "id": "fa1cd98b-8538-4d0d-810e-11d3fcff779f",
    "data": [
      {
        "text": "order",
        "userDefined": false
      }
    ],
    "isTemplate": false,
    "count": 0,
    "lang": "en",
    "updated": 0
  },
  {
    "id": "ea37bb62-fb89-44ca-b72e-c34251937fa8",
    "data": [
      {
        "text": "I would place an order",
        "userDefined": false
      }
    ],
    "isTemplate": false,
    "count": 0,
    "lang": "en",
    "updated": 0
  },
  {
    "id": "adda11cd-825f-4558-a196-8d6fefa255fc",
    "data": [
      {
        "text": "What items do you have?",
        "userDefined": false
      }
    ],
    "isTemplate": false,
    "count": 0,
    "lang": "en",
    "updated": 0
  },
  {
    "id": "4b65de0c-dd49-448b-8efe-97b55f0f0e7c",
    "data": [
      {
        "text": "show me food",
        "userDefined": false
      }
    ],
    "isTemplate": false,
    "count": 0,
    "lang": "en",
    "updated": 0
  },
  {
    "id": "b99d90ac-3b95-4757-b8f5-767caed493b2",
    "data": [
      {
        "text": "i want food",
        "userDefined": false
      }
    ],
    "isTemplate": false,
    "count": 0,
    "lang": "en",
    "updated": 0
  },
  {
    "id": "3eb039e9-1011-4987-bf4e-484da7fe24f1",
    "data": [
      {
        "text": "i am hungry",
        "userDefined": false
      }
    ],
    "isTemplate": false,
    "count": 0,
    "lang": "en",
    "updated": 0
  },
  {
    "id": "bac1a36a-f8eb-4d58-9de4-809bc1959e36",
    "data": [
      {
        "text": "whats there to eat",
        "userDefined": false
      }
    ],
    "isTemplate": false,
    "count": 0,
    "lang": "en",
    "updated": 0
  },
  {
    "id": "2b05a1f2-d350-431b-ac10-6bf83e4ec5af",
    "data": [
      {
        "text": "eat",
        "userDefined": false
      }
    ],
    "isTemplate": false,
    "count": 0,
    "lang": "en",
    "updated": 0
  },
  {
    "id": "08496f76-48ab-4aa3-bf40-7a99cb9ca3f2",
    "data": [
      {
        "text": "what to eat",
        "userDefined": false
      }
    ],
    "isTemplate": false,
    "count": 0,
    "lang": "en",
    "updated": 0
  },
  {
    "id": "088cbf38-ab42-4f91-bfd2-2846dd903dad",
    "data": [
      {
        "text": "Show me the menu",
        "userDefined": false
      }
    ],
    "isTemplate": false,
    "count": 0,
    "lang": "en",
    "updated": 0
  },
  {
    "id": "4d10c5b7-6aeb-4e4a-93b8-ac0216d598ea",
    "data": [
      {
        "text": "Menu",
        "userDefined": false
      }
    ],
    "isTemplate": false,
    "count": 0,
    "lang": "en",
    "updated": 0
  }
]