[
  {
    "id": "1388b75d-e07e-4735-a928-5d08884ebe26",
    "data": [
      {
        "text": "I want ",
        "userDefined": false
      },
      {
        "text": "Veg Burger",
        "meta": "@Food_Items",
        "alias": "food_items",
        "userDefined": false
      },
      {
        "text": " and a ",
        "userDefined": false
      },
      {
        "text": "soft drink",
        "meta": "@Food_Items",
        "alias": "food_items",
        "userDefined": false
      }
    ],
    "isTemplate": false,
    "count": 0,
    "lang": "en",
    "updated": 0
  },
  {
    "id": "ea65534f-981e-44b2-9e54-f1bedbdfac19",
    "data": [
      {
        "text": "Soft Drink",
        "meta": "@Food_Items",
        "alias": "food_items",
        "userDefined": false
      }
    ],
    "isTemplate": false,
    "count": 0,
    "lang": "en",
    "updated": 0
  },
  {
    "id": "729d2b04-1832-4721-96fe-dbc8dfa8c1ed",
    "data": [
      {
        "text": "I want to have a ",
        "userDefined": false
      },
      {
        "text": "Soft Drink",
        "meta": "@Food_Items",
        "alias": "food_items",
        "userDefined": false
      }
    ],
    "isTemplate": false,
    "count": 0,
    "lang": "en",
    "updated": 0
  }
]