[
  {
    "value": "Grilled Cheese Sandwich",
    "synonyms": [
      "Grilled Cheese Sandwich",
      "grilled cheese sandwich",
      "sandwich",
      "cheese sandwich",
      "grilled sandwich"
    ]
  },
  {
    "value": "Veg Burger",
    "synonyms": [
      "Veg Burger",
      "veg burger",
      "burger",
      "buns",
      "veg"
    ]
  },
  {
    "value": "French Fries",
    "synonyms": [
      "French Fries",
      "fries",
      "french fries",
      "potato chips",
      "chips",
      "finger chips"
    ]
  },
  {
    "value": "Soft Drink",
    "synonyms": [
      "Soft Drink",
      "coke",
      "drink",
      "sprite",
      "coca cola",
      "pepsi",
      "mirinda"
    ]
  }
]